BasePrice,SalesPrice
260.81,289.21
290.68,321.91
55.18,64.05
305.15,352.56
120.34,135.59
115,122.09
55.18,65.63
85.16,91.54
59.46,73.04
305.15,359.94
341.61,341.85
115.64,140.63
115.64,131.11
85.16,102.82
123.02,145.25
85.61,86.12
123.02,157.92
48.31,55.7
165.35,150.416
131.17,153.26
165.35,165.936
165.35,167.384
88.46,98.7
120.34,122.92
118.81,151.61
290.68,376.26
88,81.136
88.46,114.96
55.18,61.81
115,149.12
305.15,307.73
123.02,155.87
75.16,87.71
115.64,131.3
123.02,129
85.61,106.51
59.46,72.47
115.64,117.13
120.34,132.05
115,115.87
88.46,99.59
85.16,91.41
48.31,61.66
131.17,146.84
48.31,58.63
88.46,98.69
305.15,328.68
59.46,73.72
85.61,98.81
131.17,131.57
85.16,91.59
165.35,170.832
290.68,365.56
115.64,146.37
165.35,170.992
55.18,62.16
115.64,118.89
85.16,107.28
165.35,161.44
115.64,124.68
290.68,374.63
123.02,132.22
85.61,86.75
305.15,386.31
120.34,132.04
305.15,314.84
88.46,113.11
85.16,85.37
115,146.79
55.18,70.62
85.61,94.79
59.46,63.87
260.81,276.65
165.35,166.304
165.35,148.424
115,131
115.64,125.13
88,90.448
88,88.08
115.64,137.62
290.68,290.69
165.35,162.384
120.34,139.69
123.02,130.77
70.26,84.6
88,76.736
165.35,139.816
165.35,148.2
290.68,372.75
115.64,134.99
165.35,152.728
120.34,135.22
59.46,71.56
290.68,362.09
120.34,136.86
59.46,68.61
85.61,88.51
48.31,56.09
341.61,371.44
115.64,130.09
115.64,127.1
165.35,156.712
88.46,101.48
165.35,143.416
85.61,100.8
123.02,135.64
123.02,155.25
165.35,147.568
75.16,78.7
165.35,158.248
165.35,139.816
120.34,151.76
88,70.792
88,83.976
165.35,169.008
131.17,157.8
115.64,140.78
85.61,86.77
123.02,131.42
85.61,90.14
305.15,313.03
120.34,121.39
85.61,101.72
260.81,323.39
290.68,309.38
115.64,125.98
165.35,148.072
88,73.8
88.46,105.1
115.64,145.06
48.31,57.79
290.68,331.64
305.15,351.53
88.46,102
341.61,355.24
165.35,164.784
341.61,426.59
88.46,92.11
115,142.01
88.46,112.86
85.61,85.98
123.02,145.75
88.46,98.6
165.35,148.52
48.31,56.36
88,89.928
70.26,84
115.64,133.05
341.61,388.45
305.15,332.06
123.02,139.25
88.46,107.07
88,88.216
88,71.624
165.35,148.328
88.46,110.73
305.15,390.91
85.61,108.24
290.68,346.92
115,125.91
305.15,343.27
75.16,77.44
305.15,372.52
123.02,132.24
115.64,124.51
165.35,135.368
165.35,153.528
305.15,395.99
120.34,147.31
55.18,62.11
165.35,170.648
165.35,162.04
48.31,51.6
131.17,162.56
85.16,91.23
88,71.216
85.61,97.38
55.18,67.27
85.61,106.08
341.61,443.85
290.68,347.61
165.35,134.792
165.35,150.44
131.17,137.59
55.18,70.14
85.61,98.08
115,117.1
260.81,316.51
120.34,142.13
48.31,49.03
165.35,155.184
88,90.896
115.64,133.28
115,116.13
165.35,138.136
120.34,149.06
85.16,104.21
115,116.13
55.18,58.03
88.46,111.53
165.35,141.152
131.17,131.35
115,144.87
120.34,131.42
70.26,89.55
165.35,170.536
115.64,150.14
88.46,90.38
123.02,134.67
85.61,98.6
115,144.2
290.68,302.87
115,115.04
48.31,51.53
260.81,288.02
85.16,104.66
48.31,57.02
88,91.32
290.68,326.71
165.35,153.032
165.35,160.048
48.31,50.78
305.15,338.3
290.68,320.75
165.35,155.296
59.46,61.26
120.34,143.65
77.61,90.65
90.16,92.57
315.4,409.53
110.26,137.03
40.13,52.04
330.51,345.23
50.48,57.47
130.42,135.89
120.46,136.8
315.4,401.43
160.25,153.2
85.81,95.8
130.42,169.14
115.68,122.92
330.51,338.72
115.68,149.42
110.58,133.95
130.42,139.18
90.16,94.18
255.61,324.25
280.48,304.58
85.81,111.36
70.61,78.66
90.16,97.26
90.65,112.54
50.48,52.15
53.61,58.53
110.26,120.13
85.81,104.12
40.13,41.52
90.16,111.78
115.68,125.27
120.46,155
110.58,141.53
330.51,374.69
90.16,104.98
280.48,357.48
115.68,129.21
90.65,109.79
53.61,63.07
110.26,128.31
85.81,88.51
315.4,362.4
110.26,122.13
40.13,49.65
115.45,117.72
255.61,259.38
330.51,380.79
255.61,314.77
70.61,90.79
160.25,157.272
90.64,93.344
315.4,392.73
53.61,69.2
110.26,131.43
115.68,146.65
120.46,124.72
130.42,156.48
280.48,330.21
110.58,132.49
77.61,94.95
115.45,123.07
130.42,142.72
110.58,129.86
90.64,73.008
280.48,283.88
110.58,141.4
110.26,118.41
85.81,109
315.4,323.05
120.46,153.49
50.48,60.16
110.26,127.73
315.4,320.43
110.26,135.19
315.4,335.91
85.81,104.46
115.68,132.34
90.65,115.52
120.46,137.29
255.61,311.82
255.61,265.48
50.48,55.39
53.61,65.39
110.26,129.73
85.81,107.44
90.16,90.84
70.61,76.68
280.48,364.53
90.16,100.71
110.58,114.71
110.26,122.09
315.4,407.72
115.45,149.79
90.16,116.76
70.61,73.89
77.61,86.64
330.51,427.98
110.58,134.11
130.42,165.65
160.25,156.984
255.61,295.64
40.13,47.88
90.65,106.32
120.46,144.56
110.58,139.19
280.48,321.74
330.51,426.88
110.26,116.53
330.51,334.63
53.61,54.39
50.48,64.65
130.42,152.9
160.25,132.064
77.61,92.47
160.25,157.392
115.45,144.98
110.58,112.53
130.42,168.74
70.61,80.44
280.48,346.55
110.26,115.62
315.4,395.74
115.68,117.05
315.4,324.27
110.26,115.03
85.81,91.09
315.4,380.11
115.68,144.39
120.46,125.63
90.65,93.25
160.25,154.04
255.61,300.41
130.42,131.85
110.58,125.73
90.65,115.41
110.26,128.67
120.46,131.19
110.58,115.1
130.42,159.07
110.58,110.75
70.61,85.58
70.61,75.72
280.48,297.53
330.51,334.55
110.26,129.95
90.65,93.82
40.13,45.39
330.51,427.38
115.68,149.1
50.48,61.64
110.58,123.18
280.48,360.36
90.16,117.17
110.26,121.62
315.4,319.04
115.68,142.22
110.26,124.29
85.81,101.34
315.4,397.72
50.48,65.62
160.25,129.96
160.25,134.408
330.51,384.27
280.48,297.61
160.25,160.048
110.26,129.23
110.26,119.63
90.65,108.84
90.65,113.07
70.61,91.49
90.64,84.8
110.58,138.38
120.46,125.3
330.51,334.24
280.48,280.63
115.68,121.69
90.64,83.008
85.81,103.15
315.4,323.23
53.61,61.84
130.42,150.18
280.48,298.73
110.26,132.33
315.4,400.62
315.4,343.56
120.46,150.95
315.4,402.47
50.48,55.14
85.81,111.48
110.26,111.57
160.25,134.144
160.25,131.6
90.65,101.37
330.51,352.07
255.61,315.5
280.48,352.81
115.68,117.85
90.65,94.89
115.68,135.94
110.58,140.24
77.61,93.05
120.46,136.19
50.48,62.47
90.65,108.51
315.4,370.28
110.26,118.08
115.68,127.96
90.16,95.36
110.26,127.59
280.48,324.75
315.4,385.22
315.4,357.5
280.48,339.15
40.13,41.46
280.48,343.75
130.42,166.23
90.65,93.56
115.68,143
85.81,86.03
315.4,324.22
160.25,144.232
160.25,138.592
85.81,93.82
85.81,103.35
90.16,133.85
40.13,56.17
90.65,123.52
120.46,157.86
110.58,162.72
280.48,349.31
160.25,179.16
115.68,158.91
330.51,475.06
53.61,81.71
110.26,145.85
130.42,183.84
77.61,100.99
160.25,165.536
110.58,163.73
280.48,363.14
330.51,483.3
70.61,86.27
280.48,346.46
160.25,166.312
53.61,74.07
120.46,163.78
90.65,111.16
315.4,397.77
315.4,323.41
120.46,141.35
90.65,107.51
85.81,102.41
110.26,110.71
90.65,102.6
160.25,150.872
110.58,150.38
115.68,138.34
90.65,123.61
50.48,58.83
120.46,158.66
110.58,157.09
130.42,169.65
130.42,163.58
110.58,158.68
70.61,100.54
130.42,194.32
70.61,89.47
280.48,362.88
330.51,467.73
90.65,130.58
110.26,145.61
330.51,493.61
130.42,193.52
280.48,383.3
315.4,396.36
90.16,108.06
40.13,49.88
110.26,150.08
315.4,404.88
115.68,178.96
85.81,106.86
85.81,109.65
120.46,141.25
90.65,97.33
160.25,131.072
315.4,323
280.48,369.51
315.4,468.85
115.68,146.92
110.26,145.92
315.4,456.67
85.81,102.65
90.16,128.87
90.64,110.768
110.58,129.57
130.42,159.26
85.81,129.93
280.48,371.67
330.51,489.85
130.42,195.34
280.48,326.81
110.26,143.61
115.68,144.68
85.81,116.53
90.64,105.048
130.42,164.61
160.25,187.72
280.48,332.61
160.25,188.2
50.48,61.79
115.68,139.56
315.4,444.53
90.65,135.59
85.81,105.05
160.25,159.296
160.25,154.624
85.81,85.93
40.13,55.15
53.61,66.92
90.65,133.37
120.46,178.71
50.48,64.37
130.42,191.16
160.25,160.712
115.45,158.91
110.58,169.68
90.64,101.272
110.58,151.19
110.58,160.08
160.25,169.712
90.64,90.776
120.46,160.18
90.65,128.13
315.4,447.25
90.64,101.488
110.58,138.59
280.48,397.6
280.48,394.32
110.26,155.17
130.42,193.23
50.48,62.97
90.16,98.25
315.4,370.44
90.65,91.55
110.26,122.2
160.25,154.952
120.46,131.96
115.68,120.2
305.15,438.13
305.15,370.16
123.02,177.51
88.46,114.72
123.02,161.15
85.16,119.18
165.35,195.76
118.81,149.12
165.35,164.928
88,88.928
85.16,103.79
88,93.952
165.35,198.096
115.64,159.41
305.15,399.09
85.61,123.02
115,164.89
75.16,97.7
131.17,175.86
165.35,183.6
85.16,122.33
88.46,105.7
55.18,68.53
120.34,183.63
59.46,71.24
85.16,92.68
75.16,76.09
48.31,59.33
290.68,320.16
120.34,142.93
305.15,360.92
88,97.776
88,100.28
305.15,419.27
55.18,79.35
115,137.73
85.61,131.03
120.34,183.99
70.26,105.26
115.64,157.48
85.16,117.71
88.46,109.31
131.17,168.25
88,93.16
88,89.968
305.15,397.96
115,167.25
59.46,71.07
305.15,472.59
59.46,78
260.81,363.9
290.68,401.39
85.16,127.76
290.68,397.61
305.15,400.79
48.31,64.6
123.02,175.1
305.15,360.49
55.18,60.87
118.81,152.03
165.35,148.784
123.02,145.39
85.16,104.16
75.16,98.4
290.68,404.85
55.18,73.07
123.02,179.93
120.34,170.02
123.02,159.56
55.18,76.5
85.16,116.81
165.35,173.584
131.17,177.01
88.46,125.54
115,136.86
85.16,100.64
341.61,471.66
115.64,158.74
115,161.47
290.68,377.43
120.34,148.03
305.15,459.07
305.15,381.79
120.34,158.08
260.81,333.57
290.68,358.85
115.64,163.89
341.61,506.76
48.31,57.12
55.18,70.79
123.02,137.13
123.02,123.52
88.46,89.48
55.18,65.28
165.35,166.336
48.31,60.81
48.31,58.66
115,136.79
123.02,154.84
305.15,376.13
115.64,144.78
70.26,101.06
290.68,336.78
75.16,103.84
115.64,143.83
341.61,463.57
118.81,167.45
341.61,415.48
165.35,192.144
88.46,112.11
290.68,370.78
120.34,164.33
115,144.39
260.81,336.27
88,98.128
85.16,128.23
165.35,191.688
115,116.12
123.02,157.12
59.46,63.69
305.15,308.4
305.15,327.82
88,82.368
88,80.32
59.46,65.03
290.68,432.15
88,89.168
88,108.08
165.35,193.728
131.17,200.73
115,151.81
55.18,83.38
115,161.67
120.34,162.5
165.35,199.248
70.26,95.54
118.81,168.05
88,83.544
341.61,505.33
165.35,180.864
88,88.536
131.17,179.77
115.64,148.92
123.02,179.73
120.34,180.27
305.15,449.54
260.81,341.44
290.68,386.24
55.18,64.05
305.15,352.56
120.34,135.59
115,122.09
55.18,65.63
85.16,91.54
59.46,73.04
305.15,359.94
341.61,396.2
115.64,165.14
115.64,155.64
85.16,121.23
123.02,173.86
85.61,102.52
123.02,189.41
48.31,64.74
165.35,174.728
131.17,183.35
165.35,193.272
165.35,193.408
88.46,115.67
120.34,146.08
118.81,176.73
290.68,439.9
88,96.68
88.46,133.94
55.18,71.37
115,178.87
305.15,359.01
123.02,181.97
75.16,102.93
115.64,151.62
123.02,129
85.61,106.51
59.46,72.47
115.64,117.13
120.34,132.05
115,115.87
88.46,99.59
85.16,106.56
48.31,72.91
131.17,171.87
48.31,68.07
88.46,115.48
305.15,391.34
59.46,87.09
85.61,114.84
131.17,154.18
85.16,108.25
165.35,198.528
290.68,431.19
115.64,168.68
165.35,204.432
55.18,72.46
115.64,138.41
85.16,127.79
165.35,187.888
115.64,149.43
290.68,440.15
123.02,155.2
85.61,102.71
305.15,447.72
120.34,155.27
305.15,368.45
88.46,132.6
85.16,101.93
115,146.79
55.18,70.62
85.61,94.79
59.46,63.87
260.81,329.18
165.35,194.968
165.35,173.352
115,152.34
115.64,150.1
88,105.76
88,101.552
115.64,162.1
290.68,336.41
165.35,194.328
120.34,161.43
123.02,154.53
70.26,99.81
88,88.672
165.35,166.904
165.35,173.176
290.68,439.78
115.64,158.06
165.35,177.048
120.34,157.24
59.46,84.68
290.68,429.49
120.34,161.52
59.46,82.2
85.61,105.69
48.31,64.96
341.61,429.75
115.64,130.09
115.64,127.1
165.35,156.712
88.46,101.48
165.35,134.056
85.61,91.65
123.02,127.21
123.02,141.89
165.35,133.76
75.16,74.14
165.35,149.8
165.35,128.136
120.34,137.26
88,65.4
88,78.504
165.35,153.8
131.17,146.95
115.64,129.99
85.61,79.63
123.02,123.16
85.61,83.15
305.15,289.83
120.34,114.64
85.61,94.62
260.81,305.78
290.68,283.21
115.64,115.29
165.35,135.024
88,69.184
88.46,105.1
115.64,145.06
48.31,57.79
290.68,331.64
305.15,351.53
88.46,102
341.61,324.66
165.35,155.12
341.61,397.95
88.46,86.41
115,129.94
88.46,106.29
85.61,78.28
123.02,134.41
88.46,92.64
165.35,139.624
48.31,52.71
88,82.176
70.26,77.43
115.64,123.2
341.61,360.57
305.15,303.29
123.02,131.7
88.46,99.69
88,80.344
88,66.912
165.35,139.784
88.46,104.33
305.15,365.52
85.61,100.36
290.68,318.29
115,118.57
305.15,323.25
75.16,72.37
305.15,372.52
123.02,132.24
115.64,124.51
165.35,126.12
165.35,140.944
305.15,362.71
120.34,136.63
55.18,58.14
165.35,161.712
165.35,153.672
48.31,47.34
131.17,151.39
85.16,83.68
88,66.104
85.61,89.65
55.18,62.42
85.61,95.72
341.61,415.02
290.68,325.68
165.35,126.408
165.35,137.28
131.17,130.58
55.18,66.46
85.61,88.45
115,109.33
260.81,291.33
120.34,133.91
48.31,45.36
165.35,141.136
88,83.24
115.64,133.28
115,116.13
165.35,138.136
120.34,149.06
85.16,95.02
115,107.73
55.18,53.85
88.46,103
165.35,133.952
131.17,120.11
115,131.82
120.34,118.85
70.26,81.67
165.35,159
115.64,141.08
88.46,83
123.02,125.12
85.61,90.19
115,135.21
290.68,281.64
115,106.32
48.31,47.02
260.81,262.79
85.16,96.92
48.31,53
88,91.32
290.68,326.71
165.35,153.032
165.35,160.048
48.31,50.78
305.15,338.3
290.68,320.75
165.35,155.296
59.46,61.26
120.34,143.65
30.69,36.75
208.35,257.63
51.68,57.46
62.58,64.34
190.58,213.43
90.68,105.36
110.85,111.79
67.59,81.87
82.58,105.73
80,84.54
53.68,59
40.85,42.06
60.59,62.34
80.48,94.42
225.68,277.44
85.48,87.63
264.58,322.33
82.58,93
62.58,79.78
51.68,54.41
80,88.03
90.68,98.86
190.58,229.4
110.85,133.08
67.59,80.29
225.68,288.29
53.68,61.94
85.48,95.7
80.68,100.8
225.68,236.3
62.58,65.02
51.68,52.4
208.35,268.94
264.58,276.26
90.68,108.25
60.59,62.77
225.68,236.78
82.58,89.96
80,84.27
53.68,64.22
80.68,98.48
80.48,98.58
67.59,73.15
51.68,54.94
208.35,263.74
264.58,317.29
52.84,63.49
62.58,80.47
30.69,37.68
110.85,136.73
80,90.82
82.58,105.88
90.68,108.43
67.59,69.03
190.58,227.55
264.58,308.57
51.68,66.97
67.59,68.79
90.68,106.45
110.85,136.51
85.48,89.28
225.68,247.55
53.68,63.85
60.59,65.46
80.68,90.57
80.48,102.43
60.59,64.94
38.52,47.26
225.68,286.62
51.68,65.33
52.84,59.97
110.85,111.63
264.58,283.79
208.35,219.6
80.68,85.72
53.68,68.37
225.68,293.22
85.48,100.31
80.48,93.34
60.59,64.93
40.85,48.47
80.68,86.25
90.68,93.43
82.58,91
80.48,103.95
80,93.68
225.68,291.71
225.68,255.84
67.59,69.9
110.85,137.17
82.58,89.33
67.59,80.09
62.58,74.24
110.85,125.82
264.58,315.17
208.35,235.39
190.58,233.29
90.68,104.6
82.58,89.64
80,96.34
80.68,91.5
80.48,101.86
80.68,101.81
60.59,77.29
225.68,285.07
264.58,264.61
30.69,33.71
67.59,83.68
110.85,121.93
190.58,236.4
62.58,66.8
90.68,105.46
208.35,249.52
85.48,104.96
60.59,64.47
225.68,262.81
80.48,90.29
40.85,43.73
53.68,58.94
80.68,98.15
38.52,48.99
225.68,278.72
225.68,268.95
80.68,97.77
53.68,64.37
85.48,85.65
264.58,317.57
190.58,222.9
208.35,225.22
52.84,63.58
67.59,79.46
82.58,95.68
90.68,108.99
208.35,268.14
264.58,322.3
62.58,66.27
51.68,59.14
30.69,33.87
190.58,198.14
85.48,98.72
225.68,257.15
53.68,59.22
60.59,69.14
118.59,136.17
198.94,256.28
86.4,100.68
55.96,61.16
271.48,293.16
61.29,76.35
235.48,241.06
85.69,109.33
235.48,301.33
86.58,106
235.48,271.38
86.58,98.93
95.48,103.96
86.4,95.26
61.29,76.47
271.48,307.32
118.59,149.92
86.4,107.08
95.48,100.37
65.84,79.28
32.34,35.74
61.29,66.71
85.51,103.6
54.28,58.04
202.1,206.81
55.96,59.21
198.94,235.43
235.48,256.9
86.4,111.05
235.48,254.44
55.81,58.31
86.58,111.54
95.48,113.53
85.51,107.2
90.69,111.57
62.48,64.17
41.23,50.25
42.95,55.78
65.84,85.47
202.1,202.59
42.95,53.75
54.28,55.8
198.94,227.28
86.4,95.8
95.48,100.73
271.48,292.06
118.59,148.06
55.96,56.9
61.29,68.37
86.58,102.74
235.48,237.42
85.69,110.5
62.48,72.44
95.48,123.72
198.94,226.21
86.4,89.84
271.48,339.57
32.34,38.52
85.51,86.17
55.96,58.67
86.4,87.08
271.48,339.64
95.48,110.45
198.94,229.4
202.1,258.28
54.28,55.83
118.59,124.12
65.84,66.01
61.29,65.19
32.34,32.9
235.48,283.09
41.23,46.26
42.95,45.65
55.81,70.26
85.69,103.08
86.58,90.83
235.48,244.76
62.48,72.27
90.69,107.04
62.48,77.83
42.95,46.88
235.48,283.88
85.69,99.73
55.81,65.49
86.58,87.2
90.69,106.23
62.48,79.69
55.96,58.6
198.94,225.51
271.48,328.93
54.28,59.82
202.1,258.05
86.4,100.18
118.59,126.31
65.84,76.41
61.29,66.79
32.34,39.16
85.51,92.58
95.48,108.92
85.69,106.54
235.48,269.86
41.23,43.89
90.69,102.08
55.81,62.32
86.58,106.9
62.48,64.4
42.95,43.6
95.48,110.54
55.96,62.19
86.4,89.24
32.34,40.32
85.51,111.06
118.59,131.12
202.1,212.68
198.94,208.89
271.48,277.34
95.48,111.72
61.29,66.23
42.95,48.67
41.23,45.33
55.81,55.83
86.58,104.25
85.69,102.62
62.48,79.77
90.69,113.91
235.48,304.9
86.4,95.66
271.48,346.56
54.28,59.15
55.96,60.59
118.59,121.31
202.1,213.07
198.94,218.69
95.48,109.82
86.4,94.96
85.51,109.12
65.84,68.61
118.59,140.57
202.1,206.68
198.94,230.43
86.4,97.53
65.84,68.65
61.29,67.76
235.48,242.33
42.95,47.02
41.23,46.85
85.69,94.05
86.58,91.34
55.81,59.59
62.48,79.74
90.69,108.93
86.58,90.33
235.48,247.72
95.48,114.45
85.51,104.82
86.4,110.15
54.28,68.31
198.94,239.58
271.48,334.9
61.29,70.44
118.59,127.67
65.84,84.15
90.69,101.75
62.48,64.86
55.81,61.32
86.58,98.06
42.95,45.71
41.23,42.28
235.48,276.63
235.48,250.5
90.69,103.66
55.81,68.7
235.48,253.86
198.94,233.2
95.48,114.8
85.51,86.27
54.28,63.72
55.96,61.66
86.4,104.12
202.1,211.73
61.29,79.05
32.34,39.38
271.48,352.26
86.58,94.3
55.81,57.71
42.95,52.63
62.48,64.94
41.23,44.19
85.69,93.6
235.48,302.48
202.1,207.58
85.51,106.23
271.48,283.97
202.1,236.11
85.51,97.11
118.59,148.76
86.4,108.06
95.48,118.49
41.23,48.5
90.69,105.46
86.58,100.16
86.4,99.26
95.48,106.61
202.1,216.12
118.59,129.71
55.96,58.65
95.48,121.71
118.59,124.85
85.51,91.41
202.1,241.52
271.48,319.85
86.4,86.63
198.94,250.43
55.96,68.48
65.84,71.17
54.28,63.56
61.29,79.44
235.48,293.99
62.48,64.74
42.95,44.69
235.48,238.67
86.58,90.98
55.81,62.87
41.23,43.98
62.48,79.92
42.95,50.32
95.48,112.82
118.59,138.93
85.51,95.26
86.4,92.3
198.94,251.27
202.1,202.48
202.1,261.89
198.94,200.83
95.48,119
86.4,92.66
85.51,89.71
118.59,119.43
65.84,68.73
54.28,62.8
55.96,67.77
61.29,74.64
32.34,33.87
41.23,43.64
85.69,107.57
235.48,295.15
86.58,104.27
90.69,112.99
62.48,63.04
85.69,102.24
235.48,283.52
86.58,93.23
55.81,67.15
86.4,94.33
85.51,93.76
95.48,96.44
54.28,64.29
61.29,76.69
65.84,79.55
118.59,142.97
198.94,232.52
86.4,87.36
95.48,124.06
235.48,305.64
85.69,100.91
62.48,76.59
55.81,67.72
86.58,94.13
42.95,44.92
235.48,239.38
55.81,70.76
235.48,293.47
55.81,55.89
90.69,106.35
86.4,95.26
95.48,113.31
65.84,72.54
95.48,108.43
86.4,111.09
85.51,103.61
32.34,34.37
55.96,57.23
118.59,139.25
271.48,348.07
202.1,232.66
198.94,207.08
55.81,69.18
65.84,68.99
86.4,91.6
95.48,112.09
32.34,37.36
54.28,62.31
85.51,101.41
271.48,343.29
202.1,242.84
198.94,200.29
85.69,87
55.81,67.6
86.58,112.09
235.48,246.17
62.48,71.2
90.69,112.03
42.95,47.58
41.23,51.11
235.48,287.8
85.69,87.27
86.58,102.11
55.81,65
62.48,72.7
41.23,45.07
42.95,54.07
55.81,63.34
271.48,304.99
202.1,238.81
198.94,232.75
118.59,143.41
32.34,37.28
61.29,66.68
54.28,55.7
95.48,95.88
65.84,71
85.51,91.01
86.4,86.5
202.1,216.09
118.59,118.71
54.28,62.54
65.84,75
198.94,233.1
85.51,94.9
202.1,237.98
95.48,117.25
61.29,75.23
86.4,98.26
271.48,315.45
62.48,70.06
235.48,280.43
90.69,100.11
85.69,110.62
55.81,69.66
86.58,97.87
86.58,99.52
235.48,258.65
86.4,94.7
95.48,123.48
55.96,66.03
271.48,346.16
198.94,253.89
65.84,80.84
86.4,87.16
95.48,111.37
85.51,90.42
90.69,107.81
55.81,63.15
86.58,89.13
85.69,105.5
235.48,291.02
41.23,52.58
86.58,93.73
55.81,57.62
90.69,111.16
62.48,62.9
271.48,339.25
198.94,210.39
90.69,99.77
235.48,237.48
86.58,101.68
86.58,97.5
198.94,238.95
271.48,286.02
66.28,71.38
87.28,112.51
63.46,66.19
87.28,106.64
125.84,161.59
218.77,228.41
66.28,67.11
76,94.91
218.77,247.81
81.85,91.48
61.83,70.06
83.24,91.88
233.47,237.47
233.47,261.61
81.85,94.66
233.47,284.4
83.24,93.5
63.28,68.5
233.47,295.36
83.24,92.48
81.85,103.98
90.82,93.41
31.96,35.49
125.84,136.66
125.84,147.63
96.83,118.93
87.28,97.38
76,92.47
63.46,66.86
63.46,74.01
57.01,72.26
53.48,58.89
57.01,58.82
53.48,61.76
205.94,264.32
277.99,347.53
277.99,333.7
218.77,280.08
125.84,140.31
76,85.6
96.83,117.71
87.28,103.16
218.77,273.7
205.94,262.45
277.99,322.37
205.94,220.27
90.82,105.6
90.82,99.22
40.07,42.93
44.2,51.91
44.2,55.67
61.83,65.98
83.24,96.87
83.24,85.95
61.83,75.21
63.28,70.88
233.47,254.58
81.85,105.93
233.47,257.41
81.85,96.65
63.28,67.25
125.84,143.8
87.28,101.07
63.46,81.89
53.48,55.55
83.24,95.34
83.24,91.68
233.47,277.88
125.84,159.71
96.83,118.86
57.01,59.92
53.48,58.99
66.28,68.84
96.83,121.89
76,90.2
63.46,70.41
277.99,355.62
205.94,248.25
218.77,231.06
218.77,276.4
81.85,93.95
125.84,160.78
40.07,49.36
81.85,103.97
90.82,110.24
233.47,293.38
83.24,95.21
61.83,76.35
63.28,70.69
83.24,104.17
205.94,231.4
277.99,342.11
76,79.33
87.28,112.79
66.28,79.06
218.77,228.7
125.84,149.19
96.83,112.78
53.48,55.4
63.46,72.99
277.99,296.71
218.77,278.17
76,79.06
63.46,74.45
125.84,142.6
81.85,93.95
233.47,255.9
63.28,72.48
40.07,44.03
90.82,94.74
44.2,51.02
83.24,88.02
61.83,76.81
125.84,155.16
233.47,257.19
81.85,92.97
90.82,103.12
61.83,75.14
57.01,63.47
218.77,272.39
53.48,61.04
205.94,244.84
233.47,300.28
83.24,103.11
61.83,70.4
233.47,291.51
83.24,91.13
277.99,290.89
53.48,62.73
96.83,125
76,91.58
63.46,65.21
87.28,108.2
87.28,105.5
61.83,67.02
40.07,40.83
81.85,87.63
218.77,242.23
277.99,302.08
87.28,94.31
76,86.79
66.28,67.39
125.84,126.17
96.83,108.27
63.46,72.91
31.96,37.93
57.01,72.67
53.48,61.21
61.83,67.31
83.24,84.23
90.82,98.24
44.2,47.23
63.28,64.59
81.85,88.59
233.47,247.74
233.47,274.02
205.94,239.6
63.46,78.41
66.28,67.65
125.84,159.59
87.28,102.88
125.84,151.96
233.47,254.88
63.46,78.82
277.99,314.6
218.77,235.6
53.48,54.45
87.28,106.54
57.01,58.51
31.96,36.55
125.84,158.27
96.83,123.82
218.77,244.18
205.94,239.53
63.46,78.32
277.99,327.35
53.48,66.99
125.84,151.89
66.28,69.7
87.28,104.97
76,76.58
233.47,289.47
81.85,83.08
90.82,113.12
83.24,102.52
61.83,80.29
44.2,53.19
40.07,47.83
63.28,81.36
76,94.36
277.99,338.9
63.46,78.48
57.01,73.42
53.48,54.8
205.94,223.61
218.77,253
96.83,119.94
125.84,155.76
66.28,80.76
87.28,111.49
44.2,54.5
90.82,101.11
233.47,247.99
81.85,104.3
83.24,96.54
61.83,62.47
277.99,340.08
205.94,230.76
125.84,162.44
66.28,66.86
218.77,241.56
87.28,91.48
53.48,69.28
96.83,104.9
31.96,41.01
63.46,81.24
76,83.21
87.28,88.13
96.83,119.69
81.85,105.18
61.83,70.47
83.24,87.74
233.47,292.13
63.28,77.82
90.82,109.8
44.2,51.19
40.07,46.16
277.99,345.23
63.46,71.13
31.96,40.13
66.28,79.15
218.77,258.66
76,92.83
57.01,69.96
53.48,63.89
96.83,111.37
87.28,98.35
125.84,145.08
233.47,283.66
63.46,64.28
277.99,346.7
96.83,107.73
57.01,65.57
53.48,62.92
218.77,218.85
87.28,96.1
76,78.2
66.28,73.3
125.84,142.31
81.85,94.16
61.83,73.51
83.24,83.54
63.28,78.91
233.47,302.05
90.82,103.25
44.2,49.39
233.47,252.05
61.83,69.79
90.82,94.88
63.28,76.58
83.24,106.56
233.47,246.43
205.94,244.14
125.84,148.57
63.46,70.01
205.94,254.1
218.77,225.64
277.99,288.23
76,92.46
96.83,121.75
53.48,57.93
31.96,32.57
57.01,62.83
44.2,54.11
63.28,63.3
40.07,50.9
233.47,267.48
61.83,76.48
248.4,303.49
127.15,150.2
266.58,279.74
248.4,307.17
39.48,48.28
43.58,47.5
58.49,65.33
87.01,111.1
248.4,258.3
87.2,92.91
92.64,97.76
55.3,59.32
89.45,114.53
62.59,75.48
127.15,129.67
229.19,290.87
32.15,40.4
65.1,67.16
200.69,214.81
266.58,313.03
266.58,346.08
200.69,209.3
92.64,112.9
89.45,115.95
87.88,102.57
39.48,46.46
43.58,48.8
89.65,103.81
65.42,83.41
248.4,316.36
87.01,108.67
87.2,91.29
58.49,63.47
127.15,128.98
92.64,115.5
89.45,105.88
87.2,87.71
62.59,74.6
55.68,56.86
65.1,68.62
229.19,279.75
200.69,258.91
32.15,38.58
266.58,328.93
65.42,80.99
89.65,102.09
248.4,322.54
87.88,88.18
39.48,44.01
87.01,97.54
58.49,72.4
87.88,97.15
89.65,108.8
65.42,71.35
248.4,267.49
43.58,52.77
87.01,112.31
58.49,65.73
55.3,59.67
55.68,56.55
200.69,236.89
266.58,324.38
229.19,264.8
65.1,84.15
200.69,253.87
65.1,78.22
55.3,64.97
55.68,61.85
92.64,117.71
89.45,114.84
87.2,106.06
229.19,250.87
62.59,79.29
127.15,152.23
266.58,284.45
248.4,315.16
39.48,47.65
43.58,44.26
89.45,113.56
87.2,104.51
65.1,80.23
55.68,68.88
92.64,96.61
266.58,312.22
200.69,212.45
229.19,254.98
62.59,75.33
127.15,149.09
248.4,302.02
87.88,92.44
89.65,99.64
39.48,44.46
87.01,98.36
43.58,54.4
58.49,75.12
89.65,94.73
65.42,70.97
87.2,110.37
65.1,73.39
55.3,63.67
229.19,291.8
92.64,98.54
266.58,342.19
127.15,145.98
248.4,299.69
248.4,267.02
89.65,110.21
89.45,103.51
200.69,222.56
229.19,281.51
127.15,154.57
87.2,102.47
89.65,96.22
248.4,277.94
55.3,58.37
266.58,299.75
87.2,87.78
127.15,141.15
65.1,65.21
55.3,59.75
266.58,281.14
200.69,209.18
87.2,97.79
229.19,249.89
248.4,320.53
87.88,88.41
87.01,90.78
58.49,61.93
62.59,74.08
127.15,138.64
32.15,32.66
87.2,89.12
55.68,66.43
89.45,111.84
229.19,293.99
200.69,217.12
92.64,111.99
43.58,45.21
87.88,97.97
65.42,70.09
58.49,62.37
248.4,257.99
87.01,105.38
89.65,109.47
55.3,69.08
65.1,67.85
32.15,40.98
55.68,63.69
229.19,239.47
266.58,283.36
200.69,246.94
127.15,154.75
89.45,111.55
87.2,111.93
92.64,109.29
89.65,93.86
65.42,73.04
39.48,41.27
43.58,45.08
58.49,74.64
87.01,111.65
87.88,104.4
248.4,274.16
65.1,79.65
229.19,260.05
266.58,293.97
200.69,200.83
127.15,136.15
55.3,63.67
87.2,97.86
89.45,104.59
92.64,114.88
248.4,317.71
39.48,48.74
58.49,65.11
87.01,104.46
43.58,54.18
87.88,103.43
248.4,269.49
55.3,68.83
58.49,66.32
89.65,91.58
248.4,313.51
229.19,261.36
32.15,37.54
65.1,67.52
266.58,303.91
87.2,96.81
62.59,79.83
127.15,155.12
200.69,249.14
89.45,103.74
92.64,119.28
55.3,58.19
55.68,70.99
266.58,282.33
229.19,267.47
87.88,100.34
248.4,258.71
58.49,68.75
87.01,93.24
65.42,78.88
43.58,43.92
58.49,65.51
87.01,93.06
65.42,76.26
248.4,271.07
87.88,101.68
58.49,61.34
89.45,105.38
266.58,276.99
200.69,250.6
229.19,231.51
92.64,103.37
127.15,130.94
87.2,108.77
55.68,57.51
89.45,115.56
87.88,106.94
248.4,248.85
58.49,62.32
87.01,90.55
39.48,51.31
89.65,95.83
32.15,39.37
65.1,81.94
127.15,145.62
229.19,291.15
89.45,92.74
55.3,66.07
200.69,212.02
92.64,114.21
92.64,110.54
62.59,80.84
127.15,145.89
87.2,98.71
89.45,99.72
266.58,337.34
229.19,232.01
87.88,99.05
87.01,92.49
58.49,60.33
43.58,44.63
248.4,273.83
39.48,43.7
248.4,314.42
65.42,78.97
58.49,70.87
89.65,93.85
87.01,96.29
92.64,115.8
87.2,98.68
229.19,281.08
200.69,252.52
65.1,70.49
248.4,269.02
87.01,92.22
89.65,114.33
43.58,47.21
55.3,64.07
55.68,59.35
62.59,78.97
127.15,157.01
89.45,111.02
65.1,75.56
87.2,109.61
92.64,106.16
200.69,200.72
266.58,273.77
229.19,241.39
87.01,104.01
58.49,71.91
89.65,101.63
248.4,264.92
65.42,71.6
58.49,61.8
87.88,110.45
87.01,106.72
39.48,47.39
55.3,66.21
200.69,233.75
55.68,70.61
266.58,320.55
65.1,72.59
87.2,89.91
89.45,114.94
55.3,56.26
32.15,38.89
229.19,287.71
58.49,71.19
87.01,105.38
87.01,98.35
58.49,67.4
43.58,54.26
39.48,42.67
248.4,276.85
87.88,91.03
65.42,73.68
89.65,103.2
92.64,104.52
89.45,116.17
200.69,259.2
87.2,103.98
55.68,63.86
55.3,57.51
266.58,309.18
127.15,132.38
229.19,255.46
65.1,77.92
32.15,37.09
248.4,265.95
58.49,66.34
58.49,67.9
87.01,108.47
43.58,45.16
248.4,294.66
87.88,93.16
89.65,102.18
65.42,83.67
55.68,67.74
89.45,95.35
87.2,105.86
92.64,108.74
55.68,70.9
229.19,286.14
266.58,338.97
65.1,76.69
200.69,222.63
127.15,160.42
200.69,235.58
89.45,99.91
92.64,96.24
127.15,143.81
92.64,112.86
65.1,66.01
89.45,95.15
87.2,105.44
200.69,240.85
55.3,60.45
266.58,284.99
229.19,231.95
32.15,36.33
62.59,65.92
248.4,282.62
43.58,51.6
39.48,48.61
65.42,83.84
58.49,59.36
87.01,92.52
248.4,309.76
92.64,115.23
266.58,307.28
200.69,226.34
62.59,74.68
55.3,61.17
89.45,99.94
87.2,106.09
87.01,103.31
89.65,108.49
58.49,74.69
39.48,49.34
248.4,253.84
87.88,110.37
95.68,97.86
35.05,41.95
95.18,121.22
85.18,94.61
275.48,308.76
90.68,101.72
135.48,153.81
234.68,285.16
54.18,54.35
204.18,252.84
70.64,75.5
95.68,112.83
85.49,87.61
68.18,80.89
85.48,85.49
255.48,318.71
42.18,47.93
95.18,113.48
68.48,89.02
95.68,116.22
255.48,312.83
45.68,57.64
42.18,53.62
68.18,87.57
85.48,91.22
85.49,110.03
85.48,101.61
255.48,303.14
85.49,110.28
85.18,89.11
68.48,69.51
90.68,97.95
275.48,290.47
204.18,263.03
234.68,237.53
95.18,96.26
135.48,141.82
95.68,99.17
255.48,331.11
45.68,57.91
68.18,83.87
85.49,88.05
54.18,57.26
65.18,75.38
234.68,275.25
68.18,77.79
85.48,91.33
255.48,299.18
95.68,117.5
85.49,104.45
70.64,82.28
68.48,84.32
55.18,57.84
54.18,69.05
204.18,259.27
135.48,158.11
234.68,249.53
65.18,74.95
255.48,280.6
65.18,78.3
90.68,102.46
85.18,99.9
95.18,104.07
204.18,261.23
275.48,311.63
135.48,173.78
234.68,237.97
90.68,116.87
95.18,100.56
85.18,107.76
55.18,65.34
234.68,262.27
275.48,349.1
204.18,214.53
85.18,108.18
95.18,102.07
85.48,103.46
68.18,80.13
90.68,94.83
45.68,49.44
70.64,76.05
255.48,294.1
95.68,113.24
85.49,101.8
85.49,98.55
85.48,109.14
95.68,102.24
45.68,47.98
255.48,303.07
68.18,72.17
234.68,247.33
85.48,109.44
255.48,278.58
85.48,109.75
255.48,255.95
85.49,93.31
70.64,78.65
68.18,88.41
95.68,117.61
85.48,101.06
255.48,325.08
135.48,142.28
204.18,205.99
42.18,49.28
68.18,69.2
85.48,94.67
255.48,288.5
45.68,58.45
234.68,241.09
135.48,169.59
55.18,67.1
275.48,303.72
65.18,65.73
234.68,277.72
135.48,149.9
68.48,77.27
95.18,118.54
85.18,107.33
90.68,91.42
85.48,101.61
68.18,73.57
42.18,46.73
255.48,322.81
85.18,103.27
90.68,109.94
95.18,114.05
54.18,57.93
135.48,174.55
68.48,74.18
55.18,57.96
204.18,229.7
275.48,316.24
95.18,117.72
85.18,91.64
90.68,110.55
68.48,76.71
85.18,95.1
95.18,113.41
90.68,99.01
275.48,345.65
234.68,291.68
42.18,42.84
255.48,258.94
68.18,77.07
85.48,95.49
85.49,106.89
45.68,47.76
255.48,325.17
90.68,116.29
135.48,153.78
275.48,292.84
65.18,80.44
234.68,283.73
54.18,56.7
135.48,161.35
275.48,358.11
234.68,279.18
68.48,79.88
204.18,217.07
85.49,109.65
90.68,95.48
95.18,108.2
45.68,50.03
255.48,308.37
85.48,95.58
68.18,70.63
95.68,101.35
204.18,265.43
65.18,75.41
135.48,173.02
85.18,97.96
95.18,118.16
90.68,114.86
54.18,55.01
275.48,300.01
68.48,72.75
234.68,298.97
68.18,82.95
85.48,104.87
95.68,114.45
45.68,45.9
70.64,83.7
85.49,87.41
42.18,48.66
255.48,318.84
85.48,105.53
68.18,71.89
85.49,94.71
45.68,54.88
42.18,46.39
95.68,118.65
255.48,275.36
70.64,71.81
68.18,81.99
135.48,167.77
275.48,351.12
234.68,269.23
95.18,106.34
90.68,111.55
85.18,109.79
68.48,85.6
35.05,36.99
55.18,59.7
54.18,58.28
85.48,90.29
68.18,80.27
85.49,101.75
255.48,312.71
275.48,334.31
65.18,82.95
135.48,170.52
55.18,58.15
68.48,84.35
68.18,75.09
85.48,95.09
95.18,98.5
68.48,84.24
54.18,58.15
275.48,288.9
65.18,75.7
85.18,105.9
234.68,273.05
90.68,98.23
255.48,285.06
95.68,106.45
85.49,86.83
85.48,103.63
68.18,87.4
255.48,319.54
85.48,99.43
95.68,121.68
42.18,44.88
255.48,280.79
68.18,69.54
85.49,88.12
85.48,91.07
45.68,49.26
70.64,85.22
204.18,249.43
55.18,68.35
275.48,305.28
54.18,59.51
135.48,157.31
234.68,240.02
275.48,318.89
234.68,268.28
135.48,137.66
85.18,99.83
35.05,42.68
65.18,67.58
68.48,82.62
90.68,110.88
54.18,54.39
55.18,55.33
204.18,244.66
95.18,108.16
95.68,113.93
95.18,123.56
85.18,100.94
90.68,102.48
42.18,48.36
85.48,92.22
255.48,309.48
85.49,91.22
70.64,76.51
68.48,80.57
135.48,172.76
95.18,110.96
85.18,107.62
55.18,57.24
54.18,61.62
85.18,103.73
95.68,117.33
70.64,78.65
45.68,53.89
42.18,43.5
95.68,102.51
255.48,302.77
85.48,93.91
42.18,49.28
70.64,88.56
255.48,318.76
234.68,244.81
204.18,243.27
275.48,349.96
135.48,136.95
65.18,83.72
55.18,63.61
68.48,85.82
90.68,98.74
95.18,96.78
234.68,264.55
275.48,291.96
135.48,170.16
85.18,103.12
95.18,99.05
90.68,97.25
68.18,88.6
85.48,95.44
70.64,80.2
85.49,95.79
42.18,51.47
95.68,111.33
255.48,285.93
90.68,114.44
204.18,218.13
275.48,278.21
54.18,61.35
68.18,80.61
95.68,113.36
42.18,43.06
255.48,292.77
70.64,80.02
85.49,107.12
35.05,42.76
275.48,278.19
68.48,83.9
234.68,300.36
55.18,64.07
54.18,60.04
65.18,68.07
85.18,108.26
90.68,92.88
135.48,163.86
95.18,98.22
275.48,292.11
54.18,60.3
95.18,115.38
65.18,76.76
135.48,165.44
70.64,82.14
68.18,80.78
85.48,92.76
85.49,89.32
45.68,51.65
42.18,44.36
255.48,283.02
95.68,114.9
70.64,84.04
45.68,55.61
85.49,86.8
85.48,88.91
255.48,326.28
85.49,106.85
85.48,98.49
255.48,261.82
135.48,148.02
68.48,81.61
35.05,42.84
275.48,348.71
234.68,246.35
55.18,59.75
54.18,59.74
204.18,244.55
65.18,68.7
85.18,90.38
95.18,97.21
85.49,104.17
85.48,108.22
70.64,78.56
68.18,80.33
95.68,106.2
255.48,300.09
204.18,258.49
35.05,44.99
90.68,96.13
65.18,82.21
135.48,157.47
85.49,110.57
68.18,84.59
70.64,73.36
42.18,43.94
85.48,103.91
95.68,101.76
255.48,261.11
90.68,93.57
95.18,123.03
85.18,93.02
65.18,81.89
55.18,70.03
68.48,80.29
255.48,299.11
95.68,96.14
85.48,99.91
85.49,99.63
275.48,326.66
204.18,259.67
234.68,235.13
135.48,148.83
65.18,67.74
35.05,39.91
85.18,105.1
95.18,99.81
90.68,103.43
55.18,64.39
275.48,325.29
135.48,157.89
65.18,79.66
68.48,74.86
234.68,281.16
204.18,252.84
85.18,89.74
95.18,117.28
90.68,108
68.18,83
85.48,89.22
85.49,103.42
95.68,114.56
255.48,270.59
45.68,51.09
42.18,51.86
70.64,75.08
85.48,96.15
95.68,111.31
70.64,89.98
255.48,329.19
35.05,36.52
135.48,139.09
204.18,225.85
68.48,78.92
234.68,256.98
275.48,344.51
65.18,81.6
95.18,102.31
255.48,302.5
85.48,97.23
68.18,71.19
95.68,99.02
42.18,48.71
45.68,56.58
85.49,89.22
70.64,91.82
85.49,103.58
255.48,291.7
68.18,76.84
85.48,99.19
234.68,250.74
55.18,63.13
204.18,249.03
275.48,297.75
95.18,96.88
65.18,84.23
85.18,109.89
245.38,303.22
70.38,80.83
56.32,65.2
132.85,146.59
72.26,82.13
60.29,63.32
98.34,117.01
95.92,114.97
90.64,95.15
245.38,270.74
300.28,328.19
90.68,101.83
48.16,62.47
260.58,309.51
71.96,85.94
94.28,107.43
70.48,87.44
46.58,48.45
300.28,325.34
245.38,294.65
224.47,281.21
98.34,106.55
60.29,61.76
56.32,61.17
70.38,83.56
132.85,147.12
95.92,97.99
90.64,95.71
72.26,93.17
37.19,47.81
300.28,303.29
72.26,89.24
90.68,102.31
70.48,71.98
100.64,120.84
94.28,102.77
46.58,55.95
48.16,53.18
71.96,80.18
260.58,274
90.68,110.99
260.58,326.83
90.68,115.01
260.58,302.34
95.92,97.96
98.34,111.75
72.26,89.12
245.38,265.66
95.92,112.59
70.38,88.25
132.85,142.02
37.19,42.33
260.58,285.63
94.28,113.86
100.64,114.33
260.58,313.21
46.58,59.64
48.16,49.7
245.38,291.92
70.38,87.01
48.16,51.54
60.29,67.67
72.26,83.11
37.19,42.81
132.85,171.32
56.32,60.52
70.38,73.26
90.64,96.47
224.47,272.46
245.38,250.69
300.28,378.42
95.92,118.15
56.32,71.41
60.29,61.25
132.85,163.72
72.26,93.42
98.34,113.19
300.28,331.63
224.47,230.15
95.92,98.19
70.48,89.92
48.16,56.6
260.58,295.56
90.68,105.85
71.96,82.79
90.68,109.12
94.28,111.39
260.58,291.58
37.19,38.64
224.47,257.05
95.92,108.8
300.28,304.66
98.34,114.02
132.85,152.34
70.38,76.32
60.29,67.02
56.32,57.56
37.19,46.8
72.26,90.87
245.38,291.31
90.64,112.98
224.47,281.23
300.28,329.4
95.92,103.64
98.34,100.82
260.58,278.43
100.64,111.42
260.58,337.22
71.96,76.89
48.16,54.57
94.28,104.73
46.58,58.63
70.48,78.21
90.68,116.99
71.96,76.79
260.58,296.01
94.28,99.42
48.16,59.07
70.48,84.48
100.64,109.51
90.68,112.8
37.19,44.91
98.34,116.58
95.92,99.91
90.64,116.25
72.26,90.09
132.85,139.25
70.38,73.94
224.47,279.18
300.28,349.77
245.38,286
60.29,64.03
56.32,56.65
94.28,97.46
260.58,266.98
70.48,89.72
90.68,108.13
46.58,51.72
100.64,123.89
71.96,90.62
90.64,90.89
98.34,115.34
95.92,106.25
37.19,38.83
60.29,68.66
56.32,67.39
260.58,296.03
71.96,79.36
90.68,100.54
46.58,49.06
98.34,126.95
95.92,103.25
72.26,79.62
132.85,161.33
70.38,83.71
245.38,275.59
224.47,249.37
90.68,96.13
70.48,82.7
90.64,113.4
95.92,106.71
48.16,60.47
94.28,120.07
60.29,78.26
260.58,262.77
100.64,127.2
224.47,237.49
245.38,293.13
300.28,316.23
90.68,103.05
94.28,100.37
90.64,94.49
95.92,103.35
72.26,75.51
245.38,301.02
300.28,363.72
70.38,74.24
132.85,134.09
60.29,72.05
224.47,256.15
90.64,109.25
90.68,101.65
70.48,76.39
95.92,114
48.16,58.86
100.64,125.76
260.58,277.68
94.28,101.11
48.16,50.64
90.68,98.23
70.48,77.26
71.96,76.7
94.28,102.88
260.58,316.77
60.29,77.26
90.64,106
300.28,310.61
245.38,255.19
132.85,143.58
70.38,71.85
95.92,112.28
72.26,77.77
224.47,277.18
70.38,89.67
100.64,110.12
71.96,82.49
60.29,61.94
90.64,90.73
98.34,113.88
224.47,272.95
245.38,274.81
70.38,86.08
224.47,281.08
245.38,295.61
60.29,68.53
300.28,366.89
132.85,161.88
90.68,92.57
224.47,265.24
90.68,117.86
70.48,85
60.29,61.84
46.58,49.78
300.28,349.27
95.92,118.95
90.64,106.38
94.28,107.37
260.58,271.45
98.34,125.74
245.38,247.1
71.96,92.3
100.64,123.35
72.26,73.99
46.58,55.94
90.68,115.07
70.48,85.39
100.64,108.21
260.58,294.55
56.32,68.5
60.29,78.19
90.64,113.5
98.34,122.25
48.16,59.48
95.92,119.85
46.58,52.53
90.68,99.18
70.48,90.37
94.28,97.11
98.34,108.91
260.58,281.08
71.96,87.6
90.64,107.05
100.64,112.34
90.68,105.29
46.58,48
260.58,297.08
71.96,79.72
260.58,332.69
71.96,72.98
260.58,329.48
70.38,82.71
132.85,157.8
300.28,366.83
60.29,76.27
245.38,261.69
224.47,259.14
98.34,101.1
56.32,62.55
132.85,166.71
70.38,78.95
37.19,43.1
72.26,82.73
245.38,290.96
224.47,242.18
95.92,99.76
90.68,92.13
260.58,318.27
100.64,106.85
95.92,103.87
98.34,108.8
90.64,106.84
94.28,122.12
70.48,75.69
90.68,106
260.58,337.92
72.26,80.84
37.19,41.78
90.64,115.05
95.92,112.31
300.28,379.67
90.68,104.71
48.16,61.45
100.64,121.24
260.58,300.37
60.29,74.58
132.85,142.64
70.38,72.07
245.38,274.28
100.64,128.32
300.28,378.37
132.85,160.96
245.38,306.02
224.47,288.65
90.64,102.44
98.34,101.32
48.16,50.3
90.68,98.25
70.48,79.15
46.58,50.71
260.58,336.14
71.96,73
132.85,147.06
245.38,285.17
224.47,282.08
300.28,353.85
70.38,90.37
95.92,111.91
46.58,52.64
70.48,79.51
90.68,116.34
100.64,117.99
94.28,107.64
71.96,90.14
260.58,314.89
132.85,149.2
300.28,346.55
245.38,296.88
224.47,286.1
98.34,101.39
56.32,57.11
90.64,110.75
70.48,79.34
90.68,104.92
71.96,83.71
95.92,99.33
260.58,325.17
260.58,332.37
48.16,50.61
72.26,88.24
37.19,40.67
224.47,275.5
245.38,289.7
132.85,135.42
60.29,72.33
56.32,62.46
95.92,121.84
90.64,102.19
70.38,79.68
98.34,121.81
245.38,315.61
95.92,113.32
72.26,72.91
70.38,89.1
300.28,369.42
224.47,247.91
56.32,69.25
132.85,148.39
95.92,118.88
90.64,91
98.34,106.55
300.28,385.88
95.92,104.01
90.64,105.09
132.85,134.56
98.34,110.85
98.34,125.14
70.48,85.09
90.68,105.8
48.16,57.31
260.58,328.43
94.28,105.53
100.64,101.52
260.58,314.05
90.68,100.41
260.58,329.79
224.47,276.31
300.28,321.34
60.29,72.85
98.34,107.62
70.38,85.56
132.85,151.59
100.64,113.86
94.28,118.91
71.96,80.39
260.58,285.49
90.64,98.63
132.85,134.91
300.28,352.26
245.38,270.22
60.29,71.53
224.47,243.53
90.68,103.27
94.28,121.49
100.64,130.74
46.58,49.84
71.96,80.34
260.58,281.43
70.48,83.58
37.19,39.72
90.68,117.16
71.96,84.34
260.58,282.67
70.48,89.57
72.26,75.92
300.28,332.3
224.47,257.29
94.28,116.92
132.85,148.04
60.29,74.1
56.32,70.9
98.34,119.48
95.92,104.75
90.64,117.41
100.64,130.17
71.96,90.82
260.58,294.56
98.34,114.69
90.64,95.29
95.92,104.89
245.38,259.59
70.38,91.41
132.85,136.1
224.47,254.42
70.48,83.13
72.26,91.74
71.96,88.87
100.64,124.04
94.28,115.61
260.58,309.96
98.34,124.38
90.68,115.63
70.48,71.98
100.64,123.44
260.58,281.39
94.28,121.51
46.58,51.93
90.68,103.21
260.58,314.25
90.68,117.53
70.48,71.16
300.28,339.49
95.92,105.97
60.29,63.16
245.38,287.79
300.28,389.82
132.85,159.75
98.34,101.37
37.19,44.2
72.26,83.32
70.38,88.41
60.29,63.23
56.32,56.78
95.92,101.48
90.64,109.26
95.92,121.57
245.38,249.34
245.38,291.97
90.64,93.41
224.47,234.1
72.26,82.07
95.92,104.56
98.34,103.39
245.38,315.08
300.28,343.12
70.38,79.64
98.34,99.92
56.32,59.08
132.85,157.26
224.47,286.52
90.64,98.82
260.58,298.95
48.16,49.54
90.68,111.72
71.96,90.2
71.96,76.71
90.68,97.24
100.64,128.19
70.48,79.84
46.58,57.27
260.58,286.18
94.28,97.87
90.68,110.75
95.92,107.08
90.68,99.25
70.48,86.71
260.58,327.71
100.64,123.15
46.58,56.79
94.28,111.12
71.96,72.68
48.16,51.44
90.68,101.14
260.58,308.86
46.58,49.7
48.16,51.4
94.28,111.36
70.48,82.35
70.48,73.63
90.68,100.77
100.64,102.71
100.64,129
71.96,85
70.48,78.84
90.68,102.46
260.58,267.21
94.28,119.99
70.48,91.29
71.96,83.63
98.34,121.05
300.28,372.55
260.58,327.42
90.68,111.92
260.58,338.13
94.28,105.86
300.28,345.79
100.64,114.23
60.29,69.67
132.85,155.2
71.96,90.13
72.26,91.2
245.38,254.78
90.64,91.82
224.47,263.61
60.29,66.49
72.26,76.78
98.34,106.3
63.18,72.32
98.42,110.39
270.68,277.13
91.62,92.76
49.5,62
109.4,113.49
95.28,113.7
60.59,74.09
250.45,268.37
280.68,351.08
101.71,120.98
93.48,99.09
64.28,83.16
69.48,79.69
58.48,60.16
280.68,305.21
109.4,128.2
280.68,353.94
95.28,96.12
91.62,93.87
69.48,81.53
250.45,288.33
91.62,112.89
43.15,44.92
93.48,110.16
101.71,116.76
64.28,81.52
270.68,340.47
93.48,109.51
60.18,74.3
280.68,295.03
95.28,121.46
60.59,64.78
63.18,75.19
64.28,81.87
250.45,270.9
95.28,103.3
60.18,74.55
69.48,72.78
280.68,285.33
250.45,253.39
60.59,66.83
220.68,234.92
136.49,158.5
270.68,288.78
98.42,100.04
91.62,105.53
93.48,118.58
43.15,49.54
109.4,120.89
95.28,117.48
270.68,277.32
60.59,65.26
93.48,111
98.42,107.6
93.48,108
109.4,136.21
136.49,143.49
101.71,113.72
93.48,115.19
250.45,280.05
95.28,103.87
109.4,140.81
60.18,70
30.68,36.65
63.18,80.34
58.48,63.54
136.49,154.45
69.48,80.89
91.62,97.68
280.68,342.23
220.68,274.32
109.4,134.02
63.18,76.13
58.48,59.63
60.18,75.12
280.68,329.12
91.62,109.8
69.48,74.59
220.68,250.53
250.45,266.93
250.45,263.11
101.71,114.4
64.28,73.09
98.42,102.5
270.68,280.67
93.48,118.81
60.59,76.85
43.15,52.79
270.68,322.06
93.48,103.61
60.59,74.78
43.15,53.39
91.62,117.34
109.4,137.41
250.45,261.54
95.28,111.66
101.71,117.79
270.68,331.34
43.15,55.55
60.59,62.68
93.48,111.48
98.42,118.89
101.71,125.96
270.68,339.45
60.59,68.84
95.28,117.27
109.4,140.78
95.28,119.68
58.48,59.95
69.48,87.91
280.68,311.1
91.62,95.72
270.68,299.94
93.48,107.97
250.45,312.63
136.49,145.5
60.18,66.03
63.18,75.48
58.48,61.08
95.28,97.03
280.68,336.18
220.68,254.95
30.68,35.65
91.62,105.81
109.4,134.65
63.18,78.55
280.68,294.98
250.45,265.77
91.62,110.48
136.49,162.01
64.28,79.74
101.71,128.09
60.59,78.35
93.48,107.3
49.5,54.04
270.68,301.61
98.42,108.85
101.71,104.22
64.28,74.14
49.5,58.3
93.48,105.7
60.59,75.75
43.15,50.54
270.68,271.16
98.42,118.8
136.49,157.88
101.71,103.63
60.59,77.6
270.68,274.76
98.42,102.43
250.45,257.45
280.68,331.41
220.68,284.38
136.49,172.68
63.18,69.76
30.68,37
91.62,93.07
109.4,134.34
95.28,103.15
60.59,78.64
98.42,113.09
270.68,322.16
60.59,74.81
91.62,92.2
95.28,96.1
109.4,124.66
270.68,302.1
136.49,144.67
60.18,72.29
69.48,76.06
95.28,123.49
136.49,174.62
98.42,121.7
270.68,273.52
49.5,63.95
49.5,50.35
60.59,67.91
93.48,97.73
270.68,274.46
98.42,104.76
101.71,105.14
220.68,283.86
95.28,109.87
250.45,298.95
280.68,334.17
63.18,74.41
58.48,72.24
60.18,64.54
136.49,152.04
30.68,32.98
64.28,75.52
109.4,119.26
270.68,335.42
93.48,108.89
69.48,76.88
250.45,310.75
136.49,157.1
60.18,67.41
220.68,242.33
280.68,285.18
91.62,99.65
95.28,118.51
109.4,122.58
63.18,68.92
98.42,126.67
270.68,341.11
93.48,118.9
60.59,74.83
49.5,49.95
43.15,52.22
64.28,80.81
101.71,127.1
270.68,302.23
93.48,98.95
69.48,74.1
280.68,301.94
58.48,61.01
98.42,120.33
270.68,349.73
93.48,108.03
60.59,67.77
101.71,128.18
69.48,74.13
136.49,152.92
220.68,266.71
63.18,69.04
250.45,268.94
280.68,281.89
91.62,113.98
136.49,170.52
69.48,90.09
280.68,301.34
60.18,67.69
58.48,64.92
250.45,264.18
220.68,232.4
91.62,118.32
95.28,96.57
109.4,137.71
63.18,66.99
270.68,345.4
91.62,101.61
60.59,62.97
93.48,103.18
49.5,55.51
95.28,108.55
109.4,131.91
101.71,124.64
64.28,80.57
49.5,62.95
93.48,114.47
60.59,62.74
98.42,110.57
270.68,272.13
101.71,126.34
109.4,124.12
91.62,96.81
95.28,97.91
60.18,72.29
30.68,33.76
280.68,321.99
63.18,66.28
220.68,286.55
250.45,303.4
136.49,162.53
69.48,89.56
95.28,95.47
109.4,110.28
93.48,120.62
60.59,71.79
64.28,68.98
101.71,113.43
98.42,103.69
49.5,55.98
43.15,49.9
270.68,347.98
101.71,108.23
64.28,65.56
270.68,335.33
93.48,93.49
43.15,49.44
98.42,127.69
60.59,71
109.4,112.82
63.18,74.41
280.68,293.68
58.48,72.1
136.49,154.94
69.48,69.48
93.48,109.45
101.71,124.36
98.42,115.46
60.59,63.28
270.68,307.91
95.28,110.09
91.62,105.63
109.4,117.21
63.18,77.7
30.68,32.65
58.48,69.21
250.45,259.42
60.18,73.54
280.68,290.2
69.48,81
136.49,154.5
270.68,334.85
109.4,140.96
91.62,102.63
95.28,98.5
63.18,76.25
60.18,68.13
58.48,66.2
250.45,289.27
280.68,290.12
136.49,155.82
69.48,80.65
109.4,138.89
91.62,117.25
95.28,108.66
93.48,113.94
64.28,65.1
101.71,129.61
98.42,118.83
270.68,283.41
49.5,50.75
60.59,67.21
60.59,62.03
64.28,82.24
101.71,118.3
270.68,295.95
93.48,119.76
270.68,306.8
136.49,140.48
69.48,71.06
280.68,333.61
63.18,79
250.45,295.68
220.68,250.65
30.68,38.01
95.28,123.58
60.18,65.21
58.48,70.25
109.4,139.46
91.62,97.79
64.28,77
60.59,64.31
270.68,328.58
101.71,121.73
43.15,54.4
49.5,50.59
93.48,106.17
280.68,296.04
30.68,31.46
136.49,141.15
220.68,273.58
63.18,76.74
250.45,295.85
60.18,61.33
58.48,59.83
91.62,92.2
109.4,137.38
63.18,67.19
250.45,309.86
109.4,142.2
95.28,100.5
49.5,63.52
64.28,71.08
60.59,75.42
43.15,45.1
270.68,348.11
219.48,273.5
290.48,361.98
63.85,73.98
74.34,93.88
100.29,118.76
62.48,75.3
93.47,111.72
63.04,71.36
252.1,280.12
98.49,104.58
93.47,120.63
273.24,326.6
95.48,103.53
64.28,83.13
44.12,53.01
95.71,122.66
97.18,117.11
64.28,70.62
290.48,336.3
34.38,34.77
273.24,295.14
273.24,288.13
95.71,98.77
95.48,105.43
64.28,72.32
95.48,116.79
69.18,89.75
95.71,118.07
273.24,338.92
97.18,99.43
44.12,54.81
95.48,108.49
45.38,54.39
64.28,81.92
273.24,314.05
219.48,221.32
98.49,108.19
273.24,351.94
97.18,102.65
64.28,69.06
95.48,99.4
95.71,120.97
139.86,171.04
63.85,81.32
100.29,117.82
98.49,109.48
93.47,116.83
62.48,77.3
139.86,179.43
63.04,74.27
63.85,67.41
93.47,95.23
100.29,121.47
69.18,81.52
45.38,51.35
44.12,55.64
69.18,74.95
95.48,120.89
86.58,112.09
235.48,246.17
62.48,71.2
90.69,112.03
42.95,47.58
41.23,51.11
235.48,287.8
85.69,87.27
86.58,102.11
55.81,65
62.48,72.7
41.23,45.07
42.95,54.07
55.81,63.34
271.48,304.99
202.1,238.81
198.94,232.75
118.59,143.41
32.34,37.28
61.29,66.68
54.28,55.7
95.48,95.88
65.84,71
85.51,91.01
205.94,244.14
125.84,148.57
63.46,70.01
205.94,254.1
218.77,225.64
277.99,288.23
76,92.46
96.83,121.75
53.48,57.93
31.96,32.57
57.01,62.83
44.2,54.11
63.28,63.3
40.07,50.9
233.47,267.48
61.83,76.48
248.4,303.49
127.15,150.2
266.58,279.74
248.4,307.17
39.48,48.28
43.58,47.5
58.49,65.33
87.01,111.1
248.4,258.3
87.2,92.91
92.64,97.76
55.3,59.32
89.45,114.53
62.59,75.48
127.15,129.67
229.19,290.87
32.15,40.4
65.1,67.16
200.69,214.81
266.58,313.03
266.58,346.08
200.69,209.3
92.64,112.9
89.45,115.95
87.88,102.57
39.48,46.46
43.58,48.8
89.65,103.81
65.42,83.41
248.4,316.36
87.01,108.67
87.2,91.29
58.49,63.47
127.15,128.98
30.69,36.75
208.35,257.63
51.68,57.46
62.58,64.34
190.58,213.43
90.68,105.36
110.85,111.79
67.59,81.87
82.58,105.73
80,84.54
53.68,59
40.85,42.06
60.59,62.34
80.48,94.42
225.68,277.44
85.48,87.63
264.58,322.33
82.58,93
62.58,79.78
51.68,54.41
80,88.03
90.68,98.86
190.58,229.4
110.85,133.08
67.59,80.29
225.68,288.29
53.68,61.94
85.48,95.7
80.68,100.8
225.68,236.3
62.58,65.02
51.68,52.4
208.35,268.94
264.58,276.26
90.68,108.25
60.59,62.77
225.68,236.78
82.58,89.96
80,84.27
53.68,64.22
80.68,98.48
80.48,98.58
67.59,73.15
51.68,54.94
208.35,263.74
264.58,317.29
52.84,63.49
62.58,80.47
30.69,37.68
110.85,136.73
80,90.82
82.58,105.88
90.68,108.43
67.59,69.03
190.58,227.55
264.58,308.57
51.68,66.97
67.59,68.79
90.68,106.45
110.85,136.51
85.48,89.28
225.68,247.55
53.68,63.85
60.59,65.46
80.68,90.57
80.48,102.43
60.59,64.94
38.52,47.26
225.68,286.62
51.68,65.33
52.84,59.97
110.85,111.63
264.58,283.79
208.35,219.6
80.68,85.72
53.68,68.37
225.68,293.22
85.48,100.31
80.48,93.34
60.59,64.93
40.85,48.47
80.68,86.25
90.68,93.43
82.58,91
80.48,103.95
80,93.68
225.68,291.71
225.68,255.84
67.59,69.9
110.85,137.17
82.58,89.33
67.59,80.09
62.58,74.24
110.85,125.82
264.58,315.17
208.35,235.39
190.58,233.29
90.68,104.6
82.58,89.64
80,96.34
80.68,91.5
80.48,101.86
80.68,101.81
60.59,77.29
225.68,285.07
264.58,264.61
30.69,33.71
67.59,83.68
110.85,121.93
190.58,236.4
62.58,66.8
90.68,105.46
208.35,249.52
85.48,104.96
60.59,64.47
225.68,262.81
80.48,90.29
40.85,43.73
53.68,58.94
80.68,98.15
38.52,48.99
225.68,278.72
225.68,268.95
80.68,97.77
53.68,64.37
85.48,85.65
264.58,317.57
190.58,222.9
208.35,225.22
52.84,63.58
67.59,79.46
82.58,95.68
90.68,108.99
208.35,268.14
264.58,322.3
62.58,66.27
51.68,59.14
30.69,33.87
190.58,198.14
85.48,98.72
225.68,257.15
53.68,59.22
60.59,69.14
118.59,136.17
198.94,256.28
86.4,100.68
55.96,61.16
271.48,293.16
61.29,76.35
235.48,241.06
85.69,109.33
235.48,301.33
86.58,106
235.48,271.38
86.58,98.93
95.48,103.96
86.4,95.26
61.29,76.47
271.48,307.32
118.59,149.92
86.4,107.08
95.48,100.37
65.84,79.28
32.34,35.74
61.29,66.71
85.51,103.6
54.28,58.04
202.1,206.81
55.96,59.21
198.94,235.43
235.48,256.9
86.4,111.05
235.48,254.44
55.81,58.31
86.58,111.54
95.48,113.53
85.51,107.2
90.69,111.57
62.48,64.17
41.23,50.25
42.95,55.78
65.84,85.47
202.1,202.59
42.95,53.75
54.28,55.8
198.94,227.28
86.4,95.8
95.48,100.73
271.48,292.06
118.59,148.06
55.96,56.9
61.29,68.37
86.58,102.74
235.48,237.42
85.69,110.5
62.48,72.44
95.48,123.72
198.94,226.21
86.4,89.84
271.48,339.57
32.34,38.52
85.51,86.17
55.96,58.67
86.4,87.08
271.48,339.64
95.48,110.45
198.94,229.4
202.1,258.28
54.28,55.83
118.59,124.12
65.84,66.01
61.29,65.19
32.34,32.9
235.48,283.09
41.23,46.26
42.95,45.65
55.81,70.26
85.69,103.08
86.58,90.83
235.48,244.76
62.48,72.27
90.69,107.04
62.48,77.83
42.95,46.88
235.48,283.88
85.69,99.73
55.81,65.49
86.58,87.2
90.69,106.23
62.48,79.69
55.96,58.6
198.94,225.51
271.48,328.93
54.28,59.82
202.1,258.05
86.4,100.18
118.59,126.31
65.84,76.41
61.29,66.79
32.34,39.16
85.51,92.58
95.48,108.92
85.69,106.54
235.48,269.86
41.23,43.89
90.69,102.08
55.81,62.32
86.58,106.9
62.48,64.4
42.95,43.6
95.48,110.54
55.96,62.19
86.4,89.24
32.34,40.32
85.51,111.06
118.59,131.12
202.1,212.68
198.94,208.89
271.48,277.34
95.48,111.72
61.29,66.23
42.95,48.67
41.23,45.33
55.81,55.83
86.58,104.25
85.69,102.62
62.48,79.77
90.69,113.91
235.48,304.9
86.4,95.66
271.48,346.56
54.28,59.15
55.96,60.59
118.59,121.31
202.1,213.07
198.94,218.69
95.48,109.82
86.4,94.96
85.51,109.12
65.84,68.61
118.59,140.57
202.1,206.68
198.94,230.43
86.4,97.53
65.84,68.65
61.29,67.76
235.48,242.33
42.95,47.02
41.23,46.85
85.69,94.05
86.58,91.34
55.81,59.59
62.48,79.74
90.69,108.93
86.58,90.33
235.48,247.72
95.48,114.45
85.51,104.82
86.4,110.15
54.28,68.31
198.94,239.58
271.48,334.9
61.29,70.44
118.59,127.67
65.84,84.15
90.69,101.75
62.48,64.86
55.81,61.32
86.58,98.06
42.95,45.71
41.23,42.28
235.48,276.63
235.48,250.5
90.69,103.66
55.81,68.7
235.48,253.86
198.94,233.2
95.48,114.8
85.51,86.27
54.28,63.72
55.96,61.66
86.4,104.12
202.1,211.73
61.29,79.05
32.34,39.38
271.48,352.26
86.58,94.3
55.81,57.71
42.95,52.63
62.48,64.94
41.23,44.19
85.69,93.6
235.48,302.48
202.1,207.58
85.51,106.23
271.48,283.97
202.1,236.11
85.51,97.11
118.59,148.76
86.4,108.06
95.48,118.49
41.23,48.5
90.69,105.46
86.58,100.16
86.4,99.26
95.48,106.61
202.1,216.12
118.59,129.71
55.96,58.65
95.48,121.71
118.59,124.85
85.51,91.41
202.1,241.52
271.48,319.85
86.4,86.63
198.94,250.43
55.96,68.48
65.84,71.17
54.28,63.56
61.29,79.44
235.48,293.99
62.48,64.74
42.95,44.69
235.48,238.67
86.58,90.98
55.81,62.87
41.23,43.98
62.48,79.92
42.95,50.32
95.48,112.82
118.59,138.93
85.51,95.26
86.4,92.3
198.94,251.27
202.1,202.48
202.1,261.89
198.94,200.83
95.48,119
86.4,92.66
85.51,89.71
118.59,119.43
65.84,68.73
54.28,62.8
55.96,67.77
61.29,74.64
32.34,33.87
41.23,43.64
85.69,107.57
235.48,295.15
86.58,104.27
90.69,112.99
62.48,63.04
85.69,102.24
235.48,283.52
86.58,93.23
55.81,67.15
86.4,94.33
85.51,93.76
95.48,96.44
54.28,64.29
61.29,76.69
65.84,79.55
118.59,142.97
198.94,232.52
86.4,87.36
95.48,124.06
235.48,305.64
85.69,100.91
62.48,76.59
55.81,67.72
86.58,94.13
42.95,44.92
235.48,239.38
55.81,70.76
235.48,293.47
55.81,55.89
90.69,106.35
86.4,95.26
95.48,113.31
65.84,72.54
95.48,108.43
86.4,111.09
85.51,103.61
32.34,34.37
55.96,57.23
118.59,139.25
271.48,348.07
202.1,232.66
198.94,207.08
55.81,69.18
65.84,68.99
86.4,91.6
95.48,112.09
32.34,37.36
54.28,62.31
85.51,101.41
271.48,343.29
202.1,242.84
198.94,200.29
85.69,87
55.81,67.6
86.4,86.5
202.1,216.09
118.59,118.71
54.28,62.54
65.84,75
198.94,233.1
85.51,94.9
202.1,237.98
95.48,117.25
61.29,75.23
86.4,98.26
271.48,315.45
62.48,70.06
235.48,280.43
90.69,100.11
85.69,110.62
55.81,69.66
86.58,97.87
86.58,99.52
235.48,258.65
86.4,94.7
95.48,123.48
55.96,66.03
271.48,346.16
198.94,253.89
65.84,80.84
86.4,87.16
95.48,111.37
85.51,90.42
90.69,107.81
55.81,63.15
86.58,89.13
85.69,105.5
235.48,291.02
41.23,52.58
86.58,93.73
55.81,57.62
90.69,111.16
62.48,62.9
271.48,339.25
198.94,210.39
90.69,99.77
235.48,237.48
86.58,101.68
86.58,97.5
198.94,238.95
271.48,286.02
66.28,71.38
87.28,112.51
63.46,66.19
87.28,106.64
125.84,161.59
218.77,228.41
66.28,67.11
76,94.91
218.77,247.81
81.85,91.48
61.83,70.06
83.24,91.88
233.47,237.47
233.47,261.61
81.85,94.66
233.47,284.4
83.24,93.5
63.28,68.5
233.47,295.36
83.24,92.48
81.85,103.98
90.82,93.41
31.96,35.49
125.84,136.66
125.84,147.63
96.83,118.93
87.28,97.38
76,92.47
63.46,66.86
63.46,74.01
57.01,72.26
53.48,58.89
57.01,58.82
53.48,61.76
205.94,264.32
277.99,347.53
277.99,333.7
218.77,280.08
125.84,140.31
76,85.6
96.83,117.71
87.28,103.16
218.77,273.7
205.94,262.45
277.99,322.37
205.94,220.27
90.82,105.6
90.82,99.22
40.07,42.93
44.2,51.91
44.2,55.67
61.83,65.98
83.24,96.87
83.24,85.95
61.83,75.21
63.28,70.88
233.47,254.58
81.85,105.93
233.47,257.41
81.85,96.65
63.28,67.25
125.84,143.8
87.28,101.07
63.46,81.89
53.48,55.55
83.24,95.34
83.24,91.68
233.47,277.88
125.84,159.71
96.83,118.86
57.01,59.92
53.48,58.99
66.28,68.84
96.83,121.89
76,90.2
63.46,70.41
277.99,355.62
205.94,248.25
218.77,231.06
218.77,276.4
81.85,93.95
125.84,160.78
40.07,49.36
81.85,103.97
90.82,110.24
233.47,293.38
83.24,95.21
61.83,76.35
63.28,70.69
83.24,104.17
205.94,231.4
277.99,342.11
76,79.33
87.28,112.79
66.28,79.06
218.77,228.7
125.84,149.19
96.83,112.78
53.48,55.4
63.46,72.99
277.99,296.71
218.77,278.17
76,79.06
63.46,74.45
125.84,142.6
81.85,93.95
233.47,255.9
63.28,72.48
40.07,44.03
90.82,94.74
44.2,51.02
83.24,88.02
61.83,76.81
125.84,155.16
233.47,257.19
81.85,92.97
90.82,103.12
61.83,75.14
57.01,63.47
218.77,272.39
53.48,61.04
205.94,244.84
233.47,300.28
83.24,103.11
61.83,70.4
233.47,291.51
83.24,91.13
277.99,290.89
53.48,62.73
96.83,125
76,91.58
63.46,65.21
87.28,108.2
87.28,105.5
61.83,67.02
40.07,40.83
81.85,87.63
218.77,242.23
277.99,302.08
87.28,94.31
76,86.79
66.28,67.39
125.84,126.17
96.83,108.27
63.46,72.91
31.96,37.93
57.01,72.67
53.48,61.21
61.83,67.31
83.24,84.23
90.82,98.24
44.2,47.23
63.28,64.59
81.85,88.59
233.47,247.74
233.47,274.02
205.94,239.6
63.46,78.41
66.28,67.65
125.84,159.59
87.28,102.88
125.84,151.96
233.47,254.88
63.46,78.82
277.99,314.6
218.77,235.6
89.45,116.56
87.88,107.94
248.4,249.85
58.49,63.32
87.01,91.55
39.48,52.31
89.65,96.83
32.15,40.37
65.1,82.94
127.15,146.62
229.19,292.15
89.45,93.74
55.3,67.07
200.69,213.02
92.64,115.21
92.64,111.54
62.59,81.84
127.15,146.89
87.2,99.71
89.45,100.72
266.58,338.34
229.19,233.01
87.88,100.05
87.01,93.49
58.49,61.33
43.58,45.63
248.4,274.83
39.48,44.7
248.4,315.42
65.42,79.97
58.49,71.87
89.65,94.85
87.01,97.29
92.64,116.8
87.2,99.68
229.19,282.08
200.69,253.52
65.1,71.49
248.4,270.02
87.01,93.22
89.65,115.33
43.58,48.21
55.3,65.07
55.68,60.35
62.59,79.97
127.15,158.01
89.45,112.02
65.1,76.56
87.2,110.61
92.64,107.16
200.69,201.72
266.58,274.77
229.19,242.39
87.01,105.01
58.49,72.91
89.65,102.63
248.4,265.92
65.42,72.6
58.49,62.8
87.88,111.45
87.01,107.72
39.48,48.39
55.3,67.21
200.69,234.75
55.68,71.61
266.58,321.55
65.1,73.59
87.2,90.91
89.45,115.94
55.3,57.26
32.15,39.89
229.19,288.71
58.49,72.19
87.01,106.38
87.01,99.35
58.49,68.4
43.58,55.26
39.48,43.67
248.4,277.85
87.88,92.03
65.42,74.68
89.65,104.2
92.64,105.52
89.45,117.17
200.69,260.2
87.2,104.98
55.68,64.86
55.3,58.51
266.58,310.18
127.15,133.38
229.19,256.46
65.1,78.92
32.15,38.09
248.4,266.95
58.49,67.34
58.49,68.9
87.01,109.47
43.58,46.16
248.4,295.66
87.88,94.16
89.65,103.18
65.42,84.67
55.68,68.74
89.45,96.35
87.2,106.86
92.64,109.74
55.68,71.9
229.19,287.14
266.58,339.97
65.1,77.69
200.69,223.63
127.15,161.42
200.69,236.58
89.45,100.91
92.64,97.24
127.15,144.81
92.64,113.86
65.1,67.01
89.45,96.15
87.2,106.44
200.69,241.85
55.3,61.45
266.58,285.99
229.19,232.95
32.15,37.33
62.59,66.92
248.4,283.62
43.58,52.6
39.48,49.61
65.42,84.84
58.49,60.36
87.01,93.52
248.4,310.76
92.64,116.23
266.58,308.28
200.69,227.34
62.59,75.68
55.3,62.17
89.45,100.94
87.2,107.09
87.01,104.31
89.65,109.49
58.49,75.69
39.48,50.34
248.4,254.84
87.88,111.37
89.45,117.56
87.88,108.94
248.4,250.85
58.49,64.32
87.01,92.55
39.48,53.31
89.65,97.83
32.15,41.37
65.1,83.94
127.15,147.62
229.19,293.15
89.45,94.74
55.3,68.07
200.69,214.02
92.64,116.21
92.64,112.54
62.59,82.84
127.15,147.89
87.2,100.71
89.45,101.72
266.58,339.34
229.19,234.01
87.88,101.05
87.01,94.49
58.49,62.33
43.58,46.63
248.4,275.83
39.48,45.7
248.4,316.42
65.42,80.97
58.49,72.87
89.65,95.85
87.01,98.29
92.64,117.8
87.2,100.68
229.19,283.08
200.69,254.52
65.1,72.49
248.4,271.02
87.01,94.22
89.65,116.33
43.58,49.21
55.3,66.07
55.68,61.35
62.59,80.97
127.15,159.01
89.45,113.02
65.1,77.56
87.2,111.61
92.64,108.16
200.69,202.72
266.58,275.77
229.19,243.39
87.01,106.01
58.49,73.91
89.65,103.63
248.4,266.92
65.42,73.6
58.49,63.8
87.88,112.45
87.01,108.72
39.48,49.39
55.3,68.21
200.69,235.75
55.68,72.61
266.58,322.55
65.1,74.59
87.2,91.91
89.45,116.94
55.3,58.26
32.15,40.89
229.19,289.71
58.49,73.19
87.01,107.38
87.01,100.35
58.49,69.4
43.58,56.26
39.48,44.67
248.4,278.85
87.88,93.03
65.42,75.68
89.65,105.2
92.64,106.52
89.45,118.17
200.69,261.2
87.2,105.98
55.68,65.86
55.3,59.51
266.58,311.18
127.15,134.38
229.19,257.46
65.1,79.92
32.15,39.09
248.4,267.95
58.49,68.34
58.49,69.9
87.01,110.47
43.58,47.16
248.4,296.66
87.88,95.16
89.65,104.18
65.42,85.67
55.68,69.74
89.45,97.35
87.2,107.86
92.64,110.74
55.68,72.9
229.19,288.14
266.58,340.97
65.1,78.69
200.69,224.63
127.15,162.42
200.69,237.58
89.45,101.91
92.64,98.24
127.15,145.81
92.64,114.86
65.1,68.01
89.45,97.15
87.2,107.44
200.69,242.85
55.3,62.45
266.58,286.99
229.19,233.95
32.15,38.33
62.59,67.92
248.4,284.62
43.58,53.6
39.48,50.61
65.42,85.84
58.49,61.36
87.01,94.52
248.4,311.76
92.64,117.23
266.58,309.28
200.69,228.34
62.59,76.68
55.3,63.17
89.45,101.94
87.2,108.09
87.01,105.31
89.65,110.49
58.49,76.69
39.48,51.34
248.4,255.84
87.88,112.37
53.48,54.45
87.28,106.54
57.01,58.51
31.96,36.55
125.84,158.27
96.83,123.82
218.77,244.18
205.94,239.53
63.46,78.32
277.99,327.35
53.48,66.99
125.84,151.89
66.28,69.7
87.28,104.97
76,76.58
233.47,289.47
81.85,83.08
90.82,113.12
83.24,102.52
61.83,80.29
44.2,53.19
40.07,47.83
63.28,81.36
76,94.36
277.99,338.9
63.46,78.48
57.01,73.42
53.48,54.8
205.94,223.61
218.77,253
96.83,119.94
125.84,155.76
66.28,80.76
87.28,111.49
44.2,54.5
90.82,101.11
233.47,247.99
81.85,104.3
83.24,96.54
61.83,62.47
277.99,340.08
205.94,230.76
125.84,162.44
66.28,66.86
218.77,241.56
87.28,91.48
53.48,69.28
96.83,104.9
31.96,41.01
63.46,81.24
76,83.21
87.28,88.13
96.83,119.69
81.85,105.18
61.83,70.47
83.24,87.74
233.47,292.13
63.28,77.82
90.82,109.8
44.2,51.19
40.07,46.16
277.99,345.23
63.46,71.13
31.96,40.13
66.28,79.15
218.77,258.66
76,92.83
57.01,69.96
53.48,63.89
96.83,111.37
87.28,98.35
125.84,145.08
233.47,283.66
63.46,64.28
277.99,346.7
96.83,107.73
57.01,65.57
53.48,62.92
218.77,218.85
87.28,96.1
76,78.2
66.28,73.3
125.84,142.31
81.85,94.16
61.83,73.51
83.24,83.54
63.28,78.91
233.47,302.05
90.82,103.25
44.2,49.39
233.47,252.05
61.83,69.79
90.82,94.88
63.28,76.58
83.24,106.56
233.47,246.43
92.64,115.5
89.45,105.88
87.2,87.71
62.59,74.6
55.68,56.86
65.1,68.62
229.19,279.75
200.69,258.91
32.15,38.58
266.58,328.93
65.42,80.99
89.65,102.09
248.4,322.54
87.88,88.18
39.48,44.01
87.01,97.54
58.49,72.4
87.88,97.15
89.65,108.8
65.42,71.35
248.4,267.49
43.58,52.77
87.01,112.31
58.49,65.73
55.3,59.67
55.68,56.55
200.69,236.89
266.58,324.38
229.19,264.8
65.1,84.15
200.69,253.87
65.1,78.22
55.3,64.97
55.68,61.85
92.64,117.71
89.45,114.84
87.2,106.06
229.19,250.87
62.59,79.29
127.15,152.23
266.58,284.45
248.4,315.16
39.48,47.65
43.58,44.26
89.45,113.56
87.2,104.51
65.1,80.23
55.68,68.88
92.64,96.61
266.58,312.22
200.69,212.45
229.19,254.98
62.59,75.33
127.15,149.09
248.4,302.02
87.88,92.44
89.65,99.64
39.48,44.46
87.01,98.36
43.58,54.4
58.49,75.12
89.65,94.73
65.42,70.97
87.2,110.37
65.1,73.39
55.3,63.67
229.19,291.8
92.64,98.54
266.58,342.19
127.15,145.98
248.4,299.69
248.4,267.02
89.65,110.21
89.45,103.51
200.69,222.56
229.19,281.51
127.15,154.57
87.2,102.47
89.65,96.22
248.4,277.94
55.3,58.37
266.58,299.75
87.2,87.78
127.15,141.15
65.1,65.21
55.3,59.75
266.58,281.14
200.69,209.18
87.2,97.79
229.19,249.89
248.4,320.53
87.88,88.41
87.01,90.78
58.49,61.93
62.59,74.08
127.15,138.64
32.15,32.66
87.2,89.12
55.68,66.43
89.45,111.84
229.19,293.99
200.69,217.12
92.64,111.99
43.58,45.21
87.88,97.97
65.42,70.09
58.49,62.37
248.4,257.99
87.01,105.38
89.65,109.47
55.3,69.08
65.1,67.85
32.15,40.98
55.68,63.69
229.19,239.47
266.58,283.36
200.69,246.94
127.15,154.75
89.45,111.55
87.2,111.93
92.64,109.29
89.65,93.86
65.42,73.04
39.48,41.27
43.58,45.08
58.49,74.64
87.01,111.65
87.88,104.4
248.4,274.16
65.1,79.65
229.19,260.05
266.58,293.97
200.69,200.83
127.15,136.15
55.3,63.67
87.2,97.86
89.45,104.59
92.64,114.88
248.4,317.71
39.48,48.74
58.49,65.11
87.01,104.46
43.58,54.18
87.88,103.43
95.71,118.66
273.24,343.1
97.18,108.5
64.28,73.3
62.48,69.22
252.1,301.14
290.48,321.12
219.48,284.34
139.86,160.06
74.34,95.38
63.04,75.18
98.49,126.12
100.29,129.78
100.29,124.99
98.49,101.1
62.48,72.45
95.71,104
97.18,120.28
95.48,121.33
273.24,309.31
95.71,118.31
273.24,292.34
100.29,114.85
93.47,108.63
98.49,100.24
290.48,307.58
252.1,271.33
219.48,284.32
34.38,36.3
62.48,70.22
139.86,148.37
74.34,93.56
63.85,70.34
63.04,80.66
98.49,100.92
100.29,100.57
93.47,114.91
44.12,50.74
45.38,52.03
69.18,77.44
273.24,296.18
95.48,99.51
97.18,102.83
95.71,120.47
64.28,65.79
98.49,111.19
290.48,327.54
248.4,269.49
55.3,68.83
58.49,66.32
89.65,91.58
248.4,313.51
229.19,261.36
32.15,37.54
65.1,67.52
266.58,303.91
87.2,96.81
62.59,79.83
127.15,155.12
200.69,249.14
89.45,103.74
92.64,119.28
55.3,58.19
55.68,70.99
266.58,282.33
229.19,267.47
87.88,100.34
248.4,258.71
58.49,68.75
87.01,93.24
65.42,78.88
43.58,43.92
58.49,65.51
87.01,93.06
65.42,76.26
248.4,271.07
87.88,101.68
58.49,61.34
89.45,105.38
266.58,276.99
200.69,250.6
229.19,231.51
92.64,103.37
127.15,130.94
87.2,108.77
55.68,57.51
89.45,115.56
87.88,106.94
248.4,248.85
58.49,62.32
87.01,90.55
39.48,51.31
89.65,95.83
32.15,39.37
65.1,81.94
127.15,145.62
229.19,291.15
89.45,92.74
55.3,66.07
200.69,212.02
92.64,114.21
92.64,110.54
62.59,80.84
127.15,145.89
87.2,98.71
89.45,99.72
266.58,337.34
229.19,232.01
87.88,99.05
87.01,92.49
58.49,60.33
43.58,44.63
248.4,273.83
39.48,43.7
248.4,314.42
65.42,78.97
58.49,70.87
89.65,93.85
87.01,96.29
92.64,115.8
87.2,98.68
229.19,281.08
200.69,252.52
65.1,70.49
248.4,269.02
87.01,92.22
89.65,114.33
43.58,47.21
55.3,64.07
55.68,59.35
62.59,78.97
127.15,157.01
89.45,111.02
65.1,75.56
87.2,109.61
92.64,106.16
200.69,200.72
266.58,273.77
229.19,241.39
87.01,104.01
58.49,71.91
89.65,101.63
248.4,264.92
65.42,71.6
58.49,61.8
87.88,110.45
87.01,106.72
39.48,47.39
55.3,66.21
200.69,233.75
55.68,70.61
266.58,320.55
65.1,72.59
87.2,89.91
89.45,114.94
55.3,56.26
32.15,38.89
229.19,287.71
58.49,71.19
87.01,105.38
87.01,98.35
58.49,67.4
43.58,54.26
39.48,42.67
248.4,276.85
87.88,91.03
65.42,73.68
89.65,103.2
92.64,104.52
89.45,116.17
200.69,259.2
87.2,103.98
55.68,63.86
55.3,57.51
266.58,309.18
127.15,132.38
229.19,255.46
65.1,77.92
32.15,37.09
248.4,265.95
58.49,66.34
58.49,67.9
87.01,108.47
43.58,45.16
248.4,294.66
87.88,93.16
89.65,102.18
65.42,83.67
55.68,67.74
89.45,95.35
87.2,105.86
92.64,108.74
55.68,70.9
229.19,286.14
266.58,338.97
65.1,76.69
200.69,222.63
127.15,160.42
200.69,235.58
89.45,99.91
92.64,96.24
127.15,143.81
92.64,112.86
65.1,66.01
89.45,95.15
87.2,105.44
200.69,240.85
55.3,60.45
266.58,284.99
229.19,231.95
32.15,36.33
62.59,65.92
248.4,282.62
43.58,51.6
39.48,48.61
65.42,83.84
58.49,59.36
87.01,92.52
248.4,309.76
92.64,115.23
266.58,307.28
200.69,226.34
62.59,74.68
55.3,61.17
89.45,99.94
87.2,106.09
87.01,103.31
89.65,108.49
58.49,74.69
39.48,49.34
248.4,253.84
87.88,110.37
100.29,103.4
252.1,266.02
62.48,81.18
69.18,75.51
97.18,106.56
45.38,55.03
64.28,67.43
